,median,sigma
slight,32.3107350743,0.168657919824
medium,46.3571844171,0.0331409350142
severe,66.2246280747,0.0878304802908
complete,92.4939477449,0.393046395744
