,median,sigma
slight,32.3671348838,0.130101122245
medium,45.8500691848,0.00784039987768
severe,67.0167807448,0.087388698648
complete,70.6772079253,0.0720558575229
