,median,sigma
slight,32.3671348838,0.130101122245
medium,45.8599833089,0.00780975009716
severe,68.9155878599,0.0618683538857
complete,70.6772079253,0.0720558575229
